[
    {
        "model": "cartapp.profile",
        "pk": 1,
        "fields": {
            "user": 1, 
            "univeristy_name": "uob"
        }
    },
    {
        "model": "cartapp.supermarket", 
        "pk": 1, 
        "fields": {
            "name": "Tesco", 
            "location": "Tesco Location"
        }
    },
    {
        "model": "cartapp.supermarket", 
        "pk": 2, 
        "fields": {
            "name": "Sainsbury's", 
            "location": "Sainsbury's Location"
        }
    },
    {
        "model": "cartapp.supermarket", 
        "pk": 3, 
        "fields": {
            "name": "Asda", 
            "location": "Asda Location"
        }
    },
    {
        "model": "cartapp.supermarket", 
        "pk": 4, 
        "fields": {
            "name": "Morrisons", 
            "location": "Morrisons Location"
        }
    },
    {
        "model": "cartapp.supermarket", 
        "pk": 5, 
        "fields": {
            "name": "Costco", 
            "location": "Costco Location"
        }
    },
    {
        "model": "cartapp.product", 
        "pk": 1, 
        "fields": {
            "name": "Organic Spinach", 
            "price": "2.50", 
            "category": "Vegetables", 
            "calories": 23, 
            "protein": "2.90", 
            "carbohydrates": 3.6, 
            "fat": 0.4, 
            "is_healthy": true, 
            "health_score": 80, 
            "image": "images/products/OrganicSpinach.jpeg", 
            "supermarket": 1
        }
    },
    {
        "model": "cartapp.product", 
        "pk": 2, 
        "fields": {
            "name": "Fresh Salmon Fillet", 
            "price": "8.00", 
            "category": "Seafood", 
            "calories": 208, 
            "protein": "20.00", 
            "carbohydrates": 0.0, 
            "fat": 13.0, 
            "is_healthy": true, 
            "health_score": 70, 
            "image": "images/products/FreshSalmonFillet.jpeg", 
            "supermarket": 2
        }
    },
    {
        "model": "cartapp.product", 
        "pk": 4, 
        "fields": {
            "name": "Chocolate Bar", 
            "price": "2.00", 
            "category": "Confectionery", 
            "calories": 546, 
            "protein": "7.00", 
            "carbohydrates": 61.0, 
            "fat": 31.0, 
            "is_healthy": false, 
            "health_score": 30, 
            "image": "images/products/ChocolateBar.jpeg", 
            "supermarket": 4
        }
    },
    {
        "model": "cartapp.product", 
        "pk": 5, 
        "fields": {
            "name": "Organic Almond Butter", 
            "price": "9.99", 
            "category": "Pantry", 
            "calories": 250, 
            "protein": "10.00", 
            "carbohydrates": 30.0, 
            "fat": 5.0, 
            "is_healthy": true, 
            "health_score": 80, 
            "image": "images/products/OrganicAlmondButter.jpeg", 
            "supermarket": 1
        }
    },
    {
        "model": "cartapp.product", 
        "pk": 991, 
        "fields": {
            "name": "Black Beans", 
            "price": "1.99", 
            "category": "Canned Goods", 
            "calories": 227, 
            "protein": "15.00", 
            "carbohydrates": 41.0, 
            "fat": 0.9, 
            "is_healthy": true, 
            "health_score": 84, 
            "image": "images/products/BlackBeans.jpeg", 
            "supermarket": 1
        }
    },
    {
        "model": "cartapp.product", 
        "pk": 992, 
        "fields": {
            "name": "Quinoa", 
            "price": "4.99", 
            "category": "Grains", 
            "calories": 120, 
            "protein": "4.00", 
            "carbohydrates": 21.0, 
            "fat": 2.0, 
            "is_healthy": true, 
            "health_score": 88, 
            "image": "images/products/Quinoa.jpeg", 
            "supermarket": 1
        }
    },
    {
        "model": "cartapp.product", 
        "pk": 993, 
        "fields": {
            "name": "Donuts", 
            "price": "3.99", 
            "category": "Bakery", 
            "calories": 300, 
            "protein": "4.00", 
            "carbohydrates": 35.0, 
            "fat": 16.0, 
            "is_healthy": false, 
            "health_score": 17, 
            "image": "images/products/Donuts.jpeg", 
            "supermarket": 1
        }
    },
    {
        "model": "cartapp.product", 
        "pk": 994, 
        "fields": {
            "name": "Lentils", 
            "price": "2.49", 
            "category": "Dry Beans", 
            "calories": 230, 
            "protein": "18.00", 
            "carbohydrates": 40.0, 
            "fat": 0.8, 
            "is_healthy": true, 
            "health_score": 92, 
            "image": "images/products/Lentils.jpeg", 
            "supermarket": 1
        }
    },
    {
        "model": "cartapp.product", 
        "pk": 995, 
        "fields": {
            "name": "Turkey Breast", 
            "price": "5.99", 
            "category": "Meat & Poultry", 
            "calories": 104, 
            "protein": "17.00", 
            "carbohydrates": 0.0, 
            "fat": 3.0, 
            "is_healthy": true, 
            "health_score": 83, 
            "image": "images/products/TurkeyBreast.jpeg", 
            "supermarket": 1
        }
    },
    {
        "model": "cartapp.product", 
        "pk": 996, 
        "fields": {
            "name": "Ice Cream", 
            "price": "4.99", 
            "category": "Frozen Foods", 
            "calories": 250, 
            "protein": "4.00", 
            "carbohydrates": 22.0, 
            "fat": 16.0, 
            "is_healthy": false, 
            "health_score": 23, 
            "image": "images/products/IceCream.jpeg", 
            "supermarket": 1
        }
    },
    {
        "model": "cartapp.product", 
        "pk": 997, 
        "fields": {
            "name": "Whole Grain Bread", 
            "price": "2.99", 
            "category": "Bakery", 
            "calories": 120, 
            "protein": "5.00", 
            "carbohydrates": 22.0, 
            "fat": 1.0, 
            "is_healthy": true, 
            "health_score": 78, 
            "image": "images/products/WholeGrainBread.jpeg", 
            "supermarket": 1
        }
    },
    {
        "model": "cartapp.product", 
        "pk": 998, 
        "fields": {
            "name": "Tofu", 
            "price": "2.99", 
            "category": "Dairy Alternatives", 
            "calories": 76, 
            "protein": "8.00", 
            "carbohydrates": 1.9, 
            "fat": 4.8, 
            "is_healthy": true, 
            "health_score": 86, 
            "image": "images/products/Tofu.jpeg", 
            "supermarket": 1
        }
    },
    {
        "model": "cartapp.product", 
        "pk": 999, 
        "fields": {
            "name": "Bacon", 
            "price": "4.99", 
            "category": "Meat & Poultry", 
            "calories": 43, 
            "protein": "3.00", 
            "carbohydrates": 0.0, 
            "fat": 3.3, 
            "is_healthy": false, 
            "health_score": 12, 
            "image": "images/products/Bacon.jpeg", 
            "supermarket": 1
        }
    },
    {
        "model": "cartapp.product", 
        "pk": 1000, 
        "fields": {
            "name": "Carrots", 
            "price": "1.29", 
            "category": "Produce", 
            "calories": 41, 
            "protein": "0.90", 
            "carbohydrates": 9.6, 
            "fat": 0.2, 
            "is_healthy": true, 
            "health_score": 91, 
            "image": "images/products/Carrots.jpeg", 
            "supermarket": 1
        }
    },
    {
        "model": "cartapp.product", 
        "pk": 1001, 
        "fields": {
            "name": "Chocolate Chip Cookies", 
            "price": "3.49", 
            "category": "Bakery", 
            "calories": 200, 
            "protein": "2.00", 
            "carbohydrates": 25.0, 
            "fat": 10.0, 
            "is_healthy": false, 
            "health_score": 28, 
            "image": "images/products/ChocolateChipCookies.jpeg", 
            "supermarket": 1
        }
    },
    {
        "model": "cartapp.product", 
        "pk": 1002, 
        "fields": {
            "name": "Soda", 
            "price": "1.99", 
            "category": "Beverages", 
            "calories": 150, 
            "protein": "0.00", 
            "carbohydrates": 39.0, 
            "fat": 0.0, 
            "is_healthy": false, 
            "health_score": 17, 
            "image": "images/products/Soda.jpeg", 
            "supermarket": 2
        }
    },
    {
        "model": "cartapp.product", 
        "pk": 1003, 
        "fields": {
            "name": "Beetroot", 
            "price": "1.49", 
            "category": "Produce", 
            "calories": 44, 
            "protein": "1.70", 
            "carbohydrates": 10.0, 
            "fat": 0.2, 
            "is_healthy": true, 
            "health_score": 83, 
            "image": "images/products/Beetroot.jpeg", 
            "supermarket": 1
        }
    },
    {
        "model": "cartapp.product", 
        "pk": 1004, 
        "fields": {
            "name": "Chocolate Milk", 
            "price": "2.49", 
            "category": "Snacks", 
            "calories": 535, 
            "protein": "7.60", 
            "carbohydrates": 59.4, 
            "fat": 31.0, 
            "is_healthy": false, 
            "health_score": 22, 
            "image": "images/products/ChocolateMilk.jpeg", 
            "supermarket": 1
        }
    },
    {
        "model": "cartapp.product", 
        "pk": 1005, 
        "fields": {
            "name": "Sugary Cereal", 
            "price": "3.49", 
            "category": "Breakfast & Snacks", 
            "calories": 120, 
            "protein": "2.00", 
            "carbohydrates": 25.0, 
            "fat": 1.0, 
            "is_healthy": false, 
            "health_score": 18, 
            "image": "images/products/SugaryCereal.jpeg", 
            "supermarket": 1
        }
    },
    {
        "model": "cartapp.product", 
        "pk": 1006, 
        "fields": {
            "name": "Peanut Butter", 
            "price": "4.99", 
            "category": "Pantry", 
            "calories": 190, 
            "protein": "8.00", 
            "carbohydrates": 6.0, 
            "fat": 16.0, 
            "is_healthy": false, 
            "health_score": 47, 
            "image": "images/products/PeanutButter.jpeg", 
            "supermarket": 1
        }
    },
    {
        "model": "cartapp.product", 
        "pk": 1007, 
        "fields": {
            "name": "Hot Dogs", 
            "price": "2.99", 
            "category": "Meat & Poultry", 
            "calories": 150, 
            "protein": "5.00", 
            "carbohydrates": 1.0, 
            "fat": 13.0, 
            "is_healthy": false, 
            "health_score": 17, 
            "image": "images/products/HotDogs.jpeg", 
            "supermarket": 1
        }
    },
    {
        "model": "cartapp.product", 
        "pk": 1008, 
        "fields": {
            "name": "Soda", 
            "price": "1.49", 
            "category": "Beverages", 
            "calories": 150, 
            "protein": "0.00", 
            "carbohydrates": 39.0, 
            "fat": 0.0, 
            "is_healthy": false, 
            "health_score": 14, 
            "image": "images/products/Soda.jpeg", 
            "supermarket": 1
        }
    },
    {
        "model": "cartapp.product", 
        "pk": 1009, 
        "fields": {
            "name": "Oranges", 
            "price": "0.99", 
            "category": "Produce", 
            "calories": 62, 
            "protein": "1.20", 
            "carbohydrates": 15.4, 
            "fat": 0.2, 
            "is_healthy": true, 
            "health_score": 87, 
            "image": "images/products/Oranges.jpeg", 
            "supermarket": 2
        }
    },
    {
        "model": "cartapp.product", 
        "pk": 1010, 
        "fields": {
            "name": "Bell Peppers", 
            "price": "1.49", 
            "category": "Produce", 
            "calories": 30, 
            "protein": "1.00", 
            "carbohydrates": 7.0, 
            "fat": 0.2, 
            "is_healthy": true, 
            "health_score": 89, 
            "image": "images/products/BellPeppers.jpeg", 
            "supermarket": 2
        }
    },
    {
        "model": "cartapp.product", 
        "pk": 1011, 
        "fields": {
            "name": "Avocado", 
            "price": "1.49", 
            "category": "Produce", 
            "calories": 160, 
            "protein": "2.00", 
            "carbohydrates": 9.0, 
            "fat": 15.0, 
            "is_healthy": true, 
            "health_score": 94, 
            "image": "images/products/Avocado.jpeg", 
            "supermarket": 2
        }
    },
    {
        "model": "cartapp.product", 
        "pk": 1012, 
        "fields": {
            "name": "Dried Apricots", 
            "price": "4.49", 
            "category": "Snacks", 
            "calories": 241, 
            "protein": "3.40", 
            "carbohydrates": 63.0, 
            "fat": 0.5, 
            "is_healthy": true, 
            "health_score": 82, 
            "image": "images/products/DriedApricots.jpeg", 
            "supermarket": 2
        }
    },
    {
        "model": "cartapp.product", 
        "pk": 1013, 
        "fields": {
            "name": "Shredded Wheat Cereal", 
            "price": "3.99", 
            "category": "Breakfast & Snacks", 
            "calories": 160, 
            "protein": "5.00", 
            "carbohydrates": 37.0, 
            "fat": 1.0, 
            "is_healthy": true, 
            "health_score": 78, 
            "image": "images/products/ShreddedWheatCereal.jpeg", 
            "supermarket": 2
        }
    },
    {
        "model": "cartapp.product", 
        "pk": 1014, 
        "fields": {
            "name": "Frozen Berries", 
            "price": "3.99", 
            "category": "Frozen Foods", 
            "calories": 70, 
            "protein": "1.00", 
            "carbohydrates": 17.0, 
            "fat": 0.0, 
            "is_healthy": true, 
            "health_score": 92, 
            "image": "images/products/FrozenBerries.jpeg", 
            "supermarket": 2
        }
    },
    {
        "model": "cartapp.product", 
        "pk": 1015, 
        "fields": {
            "name": "Greek Yogurt", 
            "price": "1.99", 
            "category": "Dairy", 
            "calories": 100, 
            "protein": "10.00", 
            "carbohydrates": 5.0, 
            "fat": 0.0, 
            "is_healthy": true, 
            "health_score": 83, 
            "image": "images/products/GreekYogurt.jpeg", 
            "supermarket": 2
        }
    },
    {
        "model": "cartapp.product", 
        "pk": 1016, 
        "fields": {
            "name": "Sardines", 
            "price": "2.49", 
            "category": "Canned Goods", 
            "calories": 208, 
            "protein": "25.00", 
            "carbohydrates": 0.0, 
            "fat": 11.0, 
            "is_healthy": true, 
            "health_score": 87, 
            "image": "images/products/Sardines.jpeg", 
            "supermarket": 2
        }
    },
    {
        "model": "cartapp.product", 
        "pk": 1017, 
        "fields": {
            "name": "Low-Fat Granola", 
            "price": "3.99", 
            "category": "Breakfast & Snacks", 
            "calories": 195, 
            "protein": "4.00", 
            "carbohydrates": 35.0, 
            "fat": 5.0, 
            "is_healthy": true, 
            "health_score": 73, 
            "image": "images/products/LowFatGranola.jpeg", 
            "supermarket": 2
        }
    },
    {
        "model": "cartapp.product", 
        "pk": 1018, 
        "fields": {
            "name": "Kale Chips", 
            "price": "3.49", 
            "category": "Snacks", 
            "calories": 50, 
            "protein": "3.00", 
            "carbohydrates": 8.0, 
            "fat": 2.0, 
            "is_healthy": true, 
            "health_score": 88, 
            "image": "images/products/KaleChips.jpeg", 
            "supermarket": 2
        }
    },
    {
        "model": "cartapp.product", 
        "pk": 1019, 
        "fields": {
            "name": "Dried Apricots", 
            "price": "4.49", 
            "category": "Snacks", 
            "calories": 241, 
            "protein": "3.40", 
            "carbohydrates": 63.0, 
            "fat": 0.5, 
            "is_healthy": true, 
            "health_score": 81, 
            "image": "images/products/DriedApricots.jpeg", 
            "supermarket": 2
        }
    },
    {
        "model": "cartapp.product", 
        "pk": 1020, 
        "fields": {
            "name": "Cheese", 
            "price": "3.49", 
            "category": "Dairy", 
            "calories": 100, 
            "protein": "6.00", 
            "carbohydrates": 1.0, 
            "fat": 8.0, 
            "is_healthy": false, 
            "health_score": 42, 
            "image": "images/products/Cheese.jpeg", 
            "supermarket": 1
        }
    },
    {
        "model": "cartapp.product", 
        "pk": 1021, 
        "fields": {
            "name": "Soft Drinks", 
            "price": "1.49", 
            "category": "Beverages", 
            "calories": 140, 
            "protein": "0.00", 
            "carbohydrates": 39.0, 
            "fat": 0.0, 
            "is_healthy": false, 
            "health_score": 13, 
            "image": "images/products/SoftDrinks.jpeg", 
            "supermarket": 2
        }
    },
    {
        "model": "cartapp.product", 
        "pk": 1022, 
        "fields": {
            "name": "Ground Turkey", 
            "price": "4.99", 
            "category": "Meat & Poultry", 
            "calories": 250, 
            "protein": "19.00", 
            "carbohydrates": 0.0, 
            "fat": 20.0, 
            "is_healthy": false, 
            "health_score": 62, 
            "image": "images/products/GroundTurkey.jpeg", 
            "supermarket": 2
        }
    },
    {
        "model": "cartapp.product", 
        "pk": 1023, 
        "fields": {
            "name": "Red Lentils", 
            "price": "2.59", 
            "category": "Dry Beans", 
            "calories": 230, 
            "protein": "18.00", 
            "carbohydrates": 40.0, 
            "fat": 0.8, 
            "is_healthy": true, 
            "health_score": 88, 
            "image": "images/products/RedLentils.jpeg", 
            "supermarket": 2
        }
    },
    {
        "model": "cartapp.product", 
        "pk": 1024, 
        "fields": {
            "name": "Mushrooms", 
            "price": "1.99", 
            "category": "Produce", 
            "calories": 22, 
            "protein": "3.10", 
            "carbohydrates": 3.3, 
            "fat": 0.3, 
            "is_healthy": true, 
            "health_score": 92, 
            "image": "images/products/Mushrooms.jpeg", 
            "supermarket": 2
        }
    },
    {
        "model": "cartapp.product", 
        "pk": 1025, 
        "fields": {
            "name": "Blackberries", 
            "price": "3.49", 
            "category": "Produce", 
            "calories": 62, 
            "protein": "2.00", 
            "carbohydrates": 14.0, 
            "fat": 0.7, 
            "is_healthy": true, 
            "health_score": 89, 
            "image": "images/products/Blackberries.jpeg", 
            "supermarket": 2
        }
    },
    {
        "model": "cartapp.product", 
        "pk": 1026, 
        "fields": {
            "name": "Cauliflower", 
            "price": "1.99", 
            "category": "Produce", 
            "calories": 25, 
            "protein": "2.00", 
            "carbohydrates": 5.0, 
            "fat": 0.1, 
            "is_healthy": true, 
            "health_score": 92, 
            "image": "images/products/Cauliflower.jpeg", 
            "supermarket": 2
        }
    },
    {
        "model": "cartapp.product", 
        "pk": 1027, 
        "fields": {
            "name": "Falafel", 
            "price": "3.99", 
            "category": "Frozen Foods", 
            "calories": 57, 
            "protein": "2.50", 
            "carbohydrates": 8.0, 
            "fat": 2.0, 
            "is_healthy": true, 
            "health_score": 85, 
            "image": "images/products/Falafel.jpeg", 
            "supermarket": 2
        }
    },
    {
        "model": "cartapp.product", 
        "pk": 1028, 
        "fields": {
            "name": "Spinach", 
            "price": "1.99", 
            "category": "Produce", 
            "calories": 23, 
            "protein": "2.90", 
            "carbohydrates": 3.6, 
            "fat": 0.4, 
            "is_healthy": true, 
            "health_score": 92, 
            "image": "images/products/Spinach.jpeg", 
            "supermarket": 3
        }
    },
    {
        "model": "cartapp.product", 
        "pk": 1029, 
        "fields": {
            "name": "Brown Rice", 
            "price": "2.99", 
            "category": "Grains", 
            "calories": 216, 
            "protein": "5.00", 
            "carbohydrates": 45.0, 
            "fat": 1.8, 
            "is_healthy": true, 
            "health_score": 88, 
            "image": "images/products/BrownRice.jpeg", 
            "supermarket": 3
        }
    },
    {
        "model": "cartapp.product", 
        "pk": 1030, 
        "fields": {
            "name": "Canned Tuna", 
            "price": "1.49", 
            "category": "Canned Goods", 
            "calories": 90, 
            "protein": "20.00", 
            "carbohydrates": 0.0, 
            "fat": 0.5, 
            "is_healthy": true, 
            "health_score": 85, 
            "image": "images/products/CannedTuna.jpeg", 
            "supermarket": 3
        }
    },
    {
        "model": "cartapp.product", 
        "pk": 1031, 
        "fields": {
            "name": "Pasta", 
            "price": "1.99", 
            "category": "Pantry", 
            "calories": 131, 
            "protein": "5.00", 
            "carbohydrates": 25.0, 
            "fat": 1.0, 
            "is_healthy": true, 
            "health_score": 70, 
            "image": "images/products/Pasta.jpeg", 
            "supermarket": 3
        }
    },
    {
        "model": "cartapp.product", 
        "pk": 1032, 
        "fields": {
            "name": "Chicken Thighs", 
            "price": "4.99", 
            "category": "Meat & Poultry", 
            "calories": 209, 
            "protein": "20.00", 
            "carbohydrates": 0.0, 
            "fat": 14.0, 
            "is_healthy": true, 
            "health_score": 79, 
            "image": "images/products/ChickenThighs.jpeg", 
            "supermarket": 3
        }
    },
    {
        "model": "cartapp.product", 
        "pk": 1033, 
        "fields": {
            "name": "Butter", 
            "price": "3.99", 
            "category": "Dairy", 
            "calories": 102, 
            "protein": "0.00", 
            "carbohydrates": 0.0, 
            "fat": 12.0, 
            "is_healthy": false, 
            "health_score": 20, 
            "image": "images/products/Butter.jpeg", 
            "supermarket": 4
        }
    },
    {
        "model": "cartapp.product", 
        "pk": 1034, 
        "fields": {
            "name": "Almond Milk", 
            "price": "2.99", 
            "category": "Dairy Alternatives", 
            "calories": 30, 
            "protein": "1.00", 
            "carbohydrates": 1.0, 
            "fat": 2.5, 
            "is_healthy": true, 
            "health_score": 77, 
            "image": "images/products/AlmondMilk.jpeg", 
            "supermarket": 3
        }
    },
    {
        "model": "cartapp.product", 
        "pk": 1035, 
        "fields": {
            "name": "Eggs", 
            "price": "2.49", 
            "category": "Dairy", 
            "calories": 70, 
            "protein": "6.00", 
            "carbohydrates": 0.6, 
            "fat": 5.0, 
            "is_healthy": true, 
            "health_score": 89, 
            "image": "images/products/Eggs.jpeg", 
            "supermarket": 3
        }
    },
    {
        "model": "cartapp.product", 
        "pk": 1036, 
        "fields": {
            "name": "Tomato Sauce", 
            "price": "1.49", 
            "category": "Pantry", 
            "calories": 40, 
            "protein": "1.00", 
            "carbohydrates": 8.0, 
            "fat": 0.5, 
            "is_healthy": true, 
            "health_score": 73, 
            "image": "images/products/TomatoSauce.jpeg", 
            "supermarket": 3
        }
    },
    {
        "model": "cartapp.product", 
        "pk": 1037, 
        "fields": {
            "name": "Popcorn", 
            "price": "2.49", 
            "category": "Snacks", 
            "calories": 106, 
            "protein": "3.00", 
            "carbohydrates": 18.0, 
            "fat": 2.0, 
            "is_healthy": true, 
            "health_score": 81, 
            "image": "images/products/Popcorn.jpeg", 
            "supermarket": 3
        }
    },
    {
        "model": "cartapp.product", 
        "pk": 1038, 
        "fields": {
            "name": "Sugar", 
            "price": "2.99", 
            "category": "Pantry", 
            "calories": 387, 
            "protein": "0.00", 
            "carbohydrates": 100.0, 
            "fat": 0.0, 
            "is_healthy": false, 
            "health_score": 15, 
            "image": "images/products/Sugar.jpeg", 
            "supermarket": 3
        }
    },
    {
        "model": "cartapp.product", 
        "pk": 1039, 
        "fields": {
            "name": "Yogurt", 
            "price": "1.99", 
            "category": "Dairy", 
            "calories": 59, 
            "protein": "3.50", 
            "carbohydrates": 4.7, 
            "fat": 2.5, 
            "is_healthy": true, 
            "health_score": 85, 
            "image": "images/products/Yogurt.jpeg", 
            "supermarket": 3
        }
    },
    {
        "model": "cartapp.product", 
        "pk": 1040, 
        "fields": {
            "name": "Mixed Nuts", 
            "price": "4.99", 
            "category": "Snacks", 
            "calories": 607, 
            "protein": "17.00", 
            "carbohydrates": 21.0, 
            "fat": 56.0, 
            "is_healthy": true, 
            "health_score": 90, 
            "image": "images/products/MixedNuts.jpeg", 
            "supermarket": 3
        }
    },
    {
        "model": "cartapp.product", 
        "pk": 1041, 
        "fields": {
            "name": "Frozen Peas", 
            "price": "2.49", 
            "category": "Frozen Foods", 
            "calories": 62, 
            "protein": "4.00", 
            "carbohydrates": 11.0, 
            "fat": 0.2, 
            "is_healthy": true, 
            "health_score": 87, 
            "image": "images/products/FrozenPeas.jpeg", 
            "supermarket": 3
        }
    },
    {
        "model": "cartapp.product", 
        "pk": 1042, 
        "fields": {
            "name": "Honey", 
            "price": "3.99", 
            "category": "Pantry", 
            "calories": 64, 
            "protein": "0.10", 
            "carbohydrates": 17.3, 
            "fat": 0.0, 
            "is_healthy": true, 
            "health_score": 76, 
            "image": "images/products/Honey.jpeg", 
            "supermarket": 5
        }
    },
    {
        "model": "cartapp.product", 
        "pk": 1043, 
        "fields": {
            "name": "Bagels", 
            "price": "2.99", 
            "category": "Bakery", 
            "calories": 245, 
            "protein": "9.00", 
            "carbohydrates": 47.0, 
            "fat": 1.2, 
            "is_healthy": false, 
            "health_score": 42, 
            "image": "images/products/Bagels.jpeg", 
            "supermarket": 3
        }
    },
    {
        "model": "cartapp.product", 
        "pk": 1044, 
        "fields": {
            "name": "Crackers", 
            "price": "2.99", 
            "category": "Snacks", 
            "calories": 140, 
            "protein": "3.00", 
            "carbohydrates": 22.0, 
            "fat": 4.5, 
            "is_healthy": false, 
            "health_score": 33, 
            "image": "images/products/Crackers.jpeg", 
            "supermarket": 3
        }
    },
    {
        "model": "cartapp.product", 
        "pk": 1045, 
        "fields": {
            "name": "Cheese Pizza", 
            "price": "5.99", 
            "category": "Frozen Foods", 
            "calories": 285, 
            "protein": "12.00", 
            "carbohydrates": 36.0, 
            "fat": 10.0, 
            "is_healthy": false, 
            "health_score": 25, 
            "image": "images/products/CheesePizza.jpeg", 
            "supermarket": 3
        }
    },
    {
        "model": "cartapp.product", 
        "pk": 1046, 
        "fields": {
            "name": "Cucumber", 
            "price": "1.49", 
            "category": "Produce", 
            "calories": 16, 
            "protein": "0.70", 
            "carbohydrates": 3.6, 
            "fat": 0.1, 
            "is_healthy": true, 
            "health_score": 88, 
            "image": "images/products/Cucumber.jpeg", 
            "supermarket": 3
        }
    },
    {
        "model": "cartapp.product", 
        "pk": 1047, 
        "fields": {
            "name": "Beef Jerky", 
            "price": "6.99", 
            "category": "Snacks", 
            "calories": 116, 
            "protein": "9.00", 
            "carbohydrates": 3.1, 
            "fat": 7.0, 
            "is_healthy": true, 
            "health_score": 82, 
            "image": "images/products/BeefJerky.jpeg", 
            "supermarket": 3
        }
    },
    {
        "model": "cartapp.product", 
        "pk": 1048, 
        "fields": {
            "name": "Hummus", 
            "price": "3.49", 
            "category": "Deli", 
            "calories": 70, 
            "protein": "2.00", 
            "carbohydrates": 4.0, 
            "fat": 5.0, 
            "is_healthy": true, 
            "health_score": 86, 
            "image": "images/products/Hummus.jpeg", 
            "supermarket": 4
        }
    },
    {
        "model": "cartapp.product", 
        "pk": 1049, 
        "fields": {
            "name": "Low-Fat Yogurt", 
            "price": "2.49", 
            "category": "Dairy", 
            "calories": 110, 
            "protein": "9.00", 
            "carbohydrates": 17.0, 
            "fat": 0.4, 
            "is_healthy": true, 
            "health_score": 81, 
            "image": "images/products/LowFatYogurt.jpeg", 
            "supermarket": 4
        }
    },
    {
        "model": "cartapp.product", 
        "pk": 1050, 
        "fields": {
            "name": "Bok Choy", 
            "price": "1.79", 
            "category": "Produce", 
            "calories": 13, 
            "protein": "1.50", 
            "carbohydrates": 2.2, 
            "fat": 0.2, 
            "is_healthy": true, 
            "health_score": 92, 
            "image": "images/products/BokChoy.jpeg", 
            "supermarket": 5
        }
    },
    {
        "model": "cartapp.product", 
        "pk": 1051, 
        "fields": {
            "name": "Mango", 
            "price": "1.99", 
            "category": "Produce", 
            "calories": 201, 
            "protein": "2.80", 
            "carbohydrates": 50.0, 
            "fat": 1.3, 
            "is_healthy": true, 
            "health_score": 84, 
            "image": "images/products/Mango.jpeg", 
            "supermarket": 4
        }
    },
    {
        "model": "cartapp.product", 
        "pk": 1052, 
        "fields": {
            "name": "Soba Noodles", 
            "price": "3.49", 
            "category": "Pantry", 
            "calories": 113, 
            "protein": "6.00", 
            "carbohydrates": 24.0, 
            "fat": 0.1, 
            "is_healthy": true, 
            "health_score": 79, 
            "image": "images/products/SobaNoodles.jpeg", 
            "supermarket": 4
        }
    },
    {
        "model": "cartapp.product", 
        "pk": 1053, 
        "fields": {
            "name": "Berries Mix", 
            "price": "4.49", 
            "category": "Frozen Foods", 
            "calories": 50, 
            "protein": "1.00", 
            "carbohydrates": 12.0, 
            "fat": 0.3, 
            "is_healthy": true, 
            "health_score": 91, 
            "image": "images/products/BerriesMix.jpeg", 
            "supermarket": 4
        }
    },
    {
        "model": "cartapp.product", 
        "pk": 1054, 
        "fields": {
            "name": "Tofu", 
            "price": "2.99", 
            "category": "Dairy Alternatives", 
            "calories": 76, 
            "protein": "8.00", 
            "carbohydrates": 1.9, 
            "fat": 4.8, 
            "is_healthy": true, 
            "health_score": 86, 
            "image": "images/products/Tofu.jpeg", 
            "supermarket": 4
        }
    },
    {
        "model": "cartapp.product", 
        "pk": 1055, 
        "fields": {
            "name": "Fried Chicken", 
            "price": "5.99", 
            "category": "Meat & Poultry", 
            "calories": 500, 
            "protein": "25.00", 
            "carbohydrates": 16.0, 
            "fat": 35.0, 
            "is_healthy": false, 
            "health_score": 19, 
            "image": "images/products/FriedChicken.jpeg", 
            "supermarket": 4
        }
    },
    {
        "model": "cartapp.product", 
        "pk": 1056, 
        "fields": {
            "name": "Turkey Breast", 
            "price": "5.99", 
            "category": "Meat & Poultry", 
            "calories": 104, 
            "protein": "17.00", 
            "carbohydrates": 0.0, 
            "fat": 3.0, 
            "is_healthy": true, 
            "health_score": 82, 
            "image": "images/products/TurkeyBreast.jpeg", 
            "supermarket": 4
        }
    },
    {
        "model": "cartapp.product", 
        "pk": 1057, 
        "fields": {
            "name": "Caramel Popcorn", 
            "price": "2.99", 
            "category": "Snacks", 
            "calories": 150, 
            "protein": "2.00", 
            "carbohydrates": 25.0, 
            "fat": 5.0, 
            "is_healthy": false, 
            "health_score": 23, 
            "image": "images/products/CaramelPopcorn.jpeg", 
            "supermarket": 4
        }
    },
    {
        "model": "cartapp.product", 
        "pk": 1058, 
        "fields": {
            "name": "Soda", 
            "price": "1.49", 
            "category": "Beverages", 
            "calories": 150, 
            "protein": "0.00", 
            "carbohydrates": 39.0, 
            "fat": 0.0, 
            "is_healthy": false, 
            "health_score": 16, 
            "image": "images/products/Soda.jpeg", 
            "supermarket": 4
        }
    },
    {
        "model": "cartapp.product", 
        "pk": 1059, 
        "fields": {
            "name": "Plain Oatmeal", 
            "price": "2.99", 
            "category": "Breakfast & Snacks", 
            "calories": 150, 
            "protein": "5.00", 
            "carbohydrates": 27.0, 
            "fat": 3.0, 
            "is_healthy": true, 
            "health_score": 83, 
            "image": "images/products/PlainOatmeal.jpeg", 
            "supermarket": 4
        }
    },
    {
        "model": "cartapp.product", 
        "pk": 1060, 
        "fields": {
            "name": "Chocolate Donuts", 
            "price": "3.49", 
            "category": "Bakery", 
            "calories": 350, 
            "protein": "4.00", 
            "carbohydrates": 40.0, 
            "fat": 18.0, 
            "is_healthy": false, 
            "health_score": 17, 
            "image": "images/products/ChocolateDonuts.jpeg", 
            "supermarket": 4
        }
    },
    {
        "model": "cartapp.product", 
        "pk": 1061, 
        "fields": {
            "name": "Beetroot", 
            "price": "1.49", 
            "category": "Produce", 
            "calories": 44, 
            "protein": "1.70", 
            "carbohydrates": 10.0, 
            "fat": 0.2, 
            "is_healthy": true, 
            "health_score": 84, 
            "image": "images/products/Beetroot.jpeg", 
            "supermarket": 4
        }
    },
    {
        "model": "cartapp.product", 
        "pk": 1062, 
        "fields": {
            "name": "Carrots", 
            "price": "1.29", 
            "category": "Produce", 
            "calories": 41, 
            "protein": "0.90", 
            "carbohydrates": 9.6, 
            "fat": 0.2, 
            "is_healthy": true, 
            "health_score": 90, 
            "image": "images/products/Carrots.jpeg", 
            "supermarket": 4
        }
    },
    {
        "model": "cartapp.product", 
        "pk": 1063, 
        "fields": {
            "name": "Sugary Cereal", 
            "price": "3.49", 
            "category": "Breakfast & Snacks", 
            "calories": 120, 
            "protein": "2.00", 
            "carbohydrates": 25.0, 
            "fat": 1.0, 
            "is_healthy": false, 
            "health_score": 19, 
            "image": "images/products/SugaryCereal.jpeg", 
            "supermarket": 4
        }
    },
    {
        "model": "cartapp.product", 
        "pk": 1064, 
        "fields": {
            "name": "Bacon", 
            "price": "4.99", 
            "category": "Meat & Poultry", 
            "calories": 43, 
            "protein": "3.00", 
            "carbohydrates": 0.0, 
            "fat": 3.3, 
            "is_healthy": false, 
            "health_score": 11, 
            "image": "images/products/Bacon.jpeg", 
            "supermarket": 4
        }
    },
    {
        "model": "cartapp.product", 
        "pk": 1065, 
        "fields": {
            "name": "Chocolate Milk", 
            "price": "2.49", 
            "category": "Snacks", 
            "calories": 535, 
            "protein": "7.60", 
            "carbohydrates": 59.4, 
            "fat": 31.0, 
            "is_healthy": false, 
            "health_score": 23, 
            "image": "images/products/ChocolateMilk.jpeg", 
            "supermarket": 4
        }
    },
    {
        "model": "cartapp.product", 
        "pk": 1066, 
        "fields": {
            "name": "Chocolate Donuts", 
            "price": "3.49", 
            "category": "Bakery", 
            "calories": 350, 
            "protein": "4.00", 
            "carbohydrates": 40.0, 
            "fat": 18.0, 
            "is_healthy": false, 
            "health_score": 16, 
            "image": "images/products/ChocolateDonuts.jpeg", 
            "supermarket": 3
        }
    },
    {
        "model": "cartapp.product", 
        "pk": 1067, 
        "fields": {
            "name": "Low-Fat Granola", 
            "price": "3.99", 
            "category": "Breakfast & Snacks", 
            "calories": 195, 
            "protein": "4.00", 
            "carbohydrates": 35.0, 
            "fat": 5.0, 
            "is_healthy": true, 
            "health_score": 74, 
            "image": "images/products/LowFatGranola.jpeg", 
            "supermarket": 5
        }
    },
    {
        "model": "cartapp.product", 
        "pk": 1068, 
        "fields": {
            "name": "Pancake Syrup", 
            "price": "3.49", 
            "category": "Pantry", 
            "calories": 210, 
            "protein": "0.00", 
            "carbohydrates": 52.0, 
            "fat": 0.0, 
            "is_healthy": false, 
            "health_score": 12, 
            "image": "images/products/PancakeSyrup.jpeg", 
            "supermarket": 5
        }
    },
    {
        "model": "cartapp.product", 
        "pk": 1069, 
        "fields": {
            "name": "Chips", 
            "price": "2.49", 
            "category": "Snacks", 
            "calories": 160, 
            "protein": "2.00", 
            "carbohydrates": 15.0, 
            "fat": 10.0, 
            "is_healthy": false, 
            "health_score": 22, 
            "image": "images/products/Chips.jpeg", 
            "supermarket": 5
        }
    },
    {
        "model": "cartapp.product", 
        "pk": 1070, 
        "fields": {
            "name": "Low-Fat Granola", 
            "price": "3.99", 
            "category": "Breakfast & Snacks", 
            "calories": 195, 
            "protein": "4.00", 
            "carbohydrates": 35.0, 
            "fat": 5.0, 
            "is_healthy": true, 
            "health_score": 76, 
            "image": "images/products/LowFatGranola.jpeg", 
            "supermarket": 3
        }
    },
    {
        "model": "cartapp.product", 
        "pk": 1071, 
        "fields": {
            "name": "Quinoa", 
            "price": "4.99", 
            "category": "Grains", 
            "calories": 120, 
            "protein": "4.00", 
            "carbohydrates": 21.0, 
            "fat": 2.0, 
            "is_healthy": true, 
            "health_score": 89, 
            "image": "images/products/Quinoa.jpeg", 
            "supermarket": 5
        }
    },
    {
        "model": "cartapp.product", 
        "pk": 1072, 
        "fields": {
            "name": "Pepperoni Pizza", 
            "price": "7.99", 
            "category": "Frozen Foods", 
            "calories": 300, 
            "protein": "12.00", 
            "carbohydrates": 34.0, 
            "fat": 12.0, 
            "is_healthy": false, 
            "health_score": 28, 
            "image": "images/products/PepperoniPizza.jpeg", 
            "supermarket": 5
        }
    },
    {
        "model": "cartapp.product", 
        "pk": 1073, 
        "fields": {
            "name": "Dried Apricots", 
            "price": "4.49", 
            "category": "Snacks", 
            "calories": 241, 
            "protein": "3.40", 
            "carbohydrates": 63.0, 
            "fat": 0.5, 
            "is_healthy": true, 
            "health_score": 81, 
            "image": "images/products/DriedApricots.jpeg", 
            "supermarket": 5
        }
    },
    {
        "model": "cartapp.product", 
        "pk": 1074, 
        "fields": {
            "name": "Shredded Wheat Cereal", 
            "price": "3.99", 
            "category": "Breakfast & Snacks", 
            "calories": 160, 
            "protein": "5.00", 
            "carbohydrates": 37.0, 
            "fat": 1.0, 
            "is_healthy": true, 
            "health_score": 77, 
            "image": "images/products/ShreddedWheatCereal.jpeg", 
            "supermarket": 5
        }
    },
    {
        "model": "cartapp.product", 
        "pk": 1075, 
        "fields": {
            "name": "Radishes", 
            "price": "1.29", 
            "category": "Produce", 
            "calories": 16, 
            "protein": "0.70", 
            "carbohydrates": 3.4, 
            "fat": 0.1, 
            "is_healthy": true, 
            "health_score": 86, 
            "image": "images/products/Radishes.jpeg", 
            "supermarket": 5
        }
    },
    {
        "model": "cartapp.product", 
        "pk": 1076, 
        "fields": {
            "name": "Chicken Pizza", 
            "price": "7.99", 
            "category": "Frozen Foods", 
            "calories": 300, 
            "protein": "12.00", 
            "carbohydrates": 34.0, 
            "fat": 12.0, 
            "is_healthy": false, 
            "health_score": 31, 
            "image": "images/products/ChickenPizza.jpeg", 
            "supermarket": 5
        }
    },
    {
        "model": "cartapp.product", 
        "pk": 1077, 
        "fields": {
            "name": "Quinoa", 
            "price": "4.99", 
            "category": "Grains", 
            "calories": 120, 
            "protein": "4.00", 
            "carbohydrates": 21.0, 
            "fat": 2.0, 
            "is_healthy": true, 
            "health_score": 91, 
            "image": "images/products/Quinoa.jpeg", 
            "supermarket": 4
        }
    },
    {
        "model": "cartapp.product", 
        "pk": 1078, 
        "fields": {
            "name": "Frosted Donuts", 
            "price": "3.49", 
            "category": "Bakery", 
            "calories": 300, 
            "protein": "4.00", 
            "carbohydrates": 36.0, 
            "fat": 17.0, 
            "is_healthy": false, 
            "health_score": 16, 
            "image": "images/products/FrostedDonuts.jpeg", 
            "supermarket": 5
        }
    },
    {
        "model": "cartapp.product", 
        "pk": 1079, 
        "fields": {
            "name": "Sardines", 
            "price": "2.49", 
            "category": "Canned Goods", 
            "calories": 208, 
            "protein": "25.00", 
            "carbohydrates": 0.0, 
            "fat": 11.0, 
            "is_healthy": true, 
            "health_score": 84, 
            "image": "images/products/Sardines.jpeg", 
            "supermarket": 5
        }
    },
    {
        "model": "cartapp.product", 
        "pk": 1080, 
        "fields": {
            "name": "Chocolate Muffins", 
            "price": "2.99", 
            "category": "Bakery", 
            "calories": 400, 
            "protein": "5.00", 
            "carbohydrates": 50.0, 
            "fat": 20.0, 
            "is_healthy": false, 
            "health_score": 19, 
            "image": "images/products/ChocolateMuffins.jpeg", 
            "supermarket": 5
        }
    },
    {
        "model": "cartapp.product", 
        "pk": 1081, 
        "fields": {
            "name": "Broccoli Florets", 
            "price": "2.29", 
            "category": "Frozen Foods", 
            "calories": 55, 
            "protein": "3.70", 
            "carbohydrates": 11.0, 
            "fat": 0.6, 
            "is_healthy": true, 
            "health_score": 93, 
            "image": "images/products/BroccoliFlorets.jpeg", 
            "supermarket": 5
        }
    },
    {
        "model": "cartapp.product", 
        "pk": 1082, 
        "fields": {
            "name": "Eggplant", 
            "price": "1.99", 
            "category": "Produce", 
            "calories": 20, 
            "protein": "0.80", 
            "carbohydrates": 5.0, 
            "fat": 0.1, 
            "is_healthy": true, 
            "health_score": 84, 
            "image": "images/products/Eggplant.jpeg", 
            "supermarket": 5
        }
    },
    {
        "model": "cartapp.product", 
        "pk": 1083, 
        "fields": {
            "name": "Organic Tofu", 
            "price": "2.99", 
            "category": "Dairy Alternatives", 
            "calories": 76, 
            "protein": "8.00", 
            "carbohydrates": 1.9, 
            "fat": 4.8, 
            "is_healthy": true, 
            "health_score": 83, 
            "image": "images/products/OrganicTofu.jpeg", 
            "supermarket": 5
        }
    },
    {
        "model": "cartapp.product", 
        "pk": 1084, 
        "fields": {
            "name": "Rye Bread", 
            "price": "2.79", 
            "category": "Bakery", 
            "calories": 83, 
            "protein": "2.70", 
            "carbohydrates": 15.0, 
            "fat": 1.0, 
            "is_healthy": true, 
            "health_score": 79, 
            "image": "images/products/RyeBread.jpeg", 
            "supermarket": 5
        }
    },
    {
        "model": "cartapp.product", 
        "pk": 1085, 
        "fields": {
            "name": "Chips", 
            "price": "2.49", 
            "category": "Snacks", 
            "calories": 160, 
            "protein": "2.00", 
            "carbohydrates": 15.0, 
            "fat": 10.0, 
            "is_healthy": false, 
            "health_score": 24, 
            "image": "images/products/Chips.jpeg", 
            "supermarket": 5
        }
    },
    {
        "model": "cartapp.product", 
        "pk": 1086, 
        "fields": {
            "name": "Soda", 
            "price": "1.49", 
            "category": "Beverages", 
            "calories": 150, 
            "protein": "0.00", 
            "carbohydrates": 39.0, 
            "fat": 0.0, 
            "is_healthy": false, 
            "health_score": 14, 
            "image": "images/products/Soda.jpeg", 
            "supermarket": 5
        }
    },
    {
        "model": "cartapp.cart", 
        "pk": 1, 
        "fields": {
            "name": "Shared Cart", 
            "users": [1, 2, 3, 4, 7, 8, 10, 11, 12, 13, 14, 15]
        }
    },
    {
        "model": "admin.logentry", 
        "pk": 1, 
        "fields": {
            "action_time": "2024-12-09T23:10:00.067Z", 
            "user": 2, 
            "content_type": 1, 
            "object_id": "1", 
            "object_repr": "omar", 
            "action_flag": 2, 
            "change_message": "[{\"changed\": {\"fields\": [\"Address\"]}}]"
        }
    },
    {
        "model": "admin.logentry", 
        "pk": 2, 
        "fields": {
            "action_time": "2024-12-09T23:10:31.568Z", 
            "user": 2, 
            "content_type": 1, 
            "object_id": "8", 
            "object_repr": "std8", 
            "action_flag": 2, 
            "change_message": "[{\"changed\": {\"fields\": [\"Address\"]}}]"
        }
    },
    {
        "model": "admin.logentry", 
        "pk": 3, 
        "fields": {
            "action_time": "2024-12-09T23:47:03.143Z", 
            "user": 2, 
            "content_type": 9, 
            "object_id": "5", 
            "object_repr": "Costco", 
            "action_flag": 1, 
            "change_message": "[{\"added\": {}}]"
        }
    },
    {
        "model": "admin.logentry", 
        "pk": 4, 
        "fields": {
            "action_time": "2024-12-09T23:49:34.246Z", 
            "user": 2, 
            "content_type": 8, 
            "object_id": "5", 
            "object_repr": "Organic Almond Butter", 
            "action_flag": 1, 
            "change_message": "[{\"added\": {}}]"
        }
    },
    {
        "model": "admin.logentry", 
        "pk": 5, 
        "fields": {
            "action_time": "2024-12-11T16:43:06.323Z", 
            "user": 2, 
            "content_type": 8, 
            "object_id": "1002", 
            "object_repr": "Soda", 
            "action_flag": 2, 
            "change_message": "[{\"changed\": {\"fields\": [\"Supermarket\"]}}]"
        }
    },
    {
        "model": "admin.logentry", 
        "pk": 6, 
        "fields": {
            "action_time": "2024-12-11T16:43:36.442Z", 
            "user": 2, 
            "content_type": 8, 
            "object_id": "1020", 
            "object_repr": "Cheese", 
            "action_flag": 2, 
            "change_message": "[{\"changed\": {\"fields\": [\"Supermarket\"]}}]"
        }
    },
    {
        "model": "admin.logentry", 
        "pk": 7, 
        "fields": {
            "action_time": "2024-12-11T16:44:29.887Z", 
            "user": 2, 
            "content_type": 8, 
            "object_id": "1066", 
            "object_repr": "Chocolate Donuts", 
            "action_flag": 2, 
            "change_message": "[{\"changed\": {\"fields\": [\"Supermarket\"]}}]"
        }
    },
    {
        "model": "admin.logentry", 
        "pk": 8, 
        "fields": {
            "action_time": "2024-12-11T16:44:49.700Z", 
            "user": 2, 
            "content_type": 8, 
            "object_id": "1033", 
            "object_repr": "Butter", 
            "action_flag": 2, 
            "change_message": "[{\"changed\": {\"fields\": [\"Supermarket\"]}}]"
        }
    },
    {
        "model": "admin.logentry", 
        "pk": 9, 
        "fields": {
            "action_time": "2024-12-11T16:46:38.646Z", 
            "user": 2, 
            "content_type": 8, 
            "object_id": "1050", 
            "object_repr": "Bok Choy", 
            "action_flag": 2, 
            "change_message": "[{\"changed\": {\"fields\": [\"Supermarket\"]}}]"
        }
    },
    {
        "model": "admin.logentry", 
        "pk": 10, 
        "fields": {
            "action_time": "2024-12-11T16:46:48.686Z", 
            "user": 2, 
            "content_type": 8, 
            "object_id": "1077", 
            "object_repr": "Quinoa", 
            "action_flag": 2, 
            "change_message": "[{\"changed\": {\"fields\": [\"Supermarket\"]}}]"
        }
    },
    {
        "model": "admin.logentry", 
        "pk": 11, 
        "fields": {
            "action_time": "2024-12-11T16:47:51.658Z", 
            "user": 2, 
            "content_type": 8, 
            "object_id": "1070", 
            "object_repr": "Low-Fat Granola", 
            "action_flag": 2, 
            "change_message": "[{\"changed\": {\"fields\": [\"Supermarket\"]}}]"
        }
    },
    {
        "model": "admin.logentry", 
        "pk": 12, 
        "fields": {
            "action_time": "2024-12-11T16:48:07.173Z", 
            "user": 2, 
            "content_type": 8, 
            "object_id": "1042", 
            "object_repr": "Honey", 
            "action_flag": 2, 
            "change_message": "[{\"changed\": {\"fields\": [\"Supermarket\"]}}]"
        }
    },
    {
        "model": "admin.logentry", 
        "pk": 13, 
        "fields": {
            "action_time": "2024-12-11T16:48:26.127Z", 
            "user": 2, 
            "content_type": 8, 
            "object_id": "1065", 
            "object_repr": "Chocolate Milk", 
            "action_flag": 2, 
            "change_message": "[{\"changed\": {\"fields\": [\"Name\", \"Image\"]}}]"
        }
    },
    {
        "model": "admin.logentry", 
        "pk": 14, 
        "fields": {
            "action_time": "2024-12-11T16:50:13.250Z", 
            "user": 2, 
            "content_type": 8, 
            "object_id": "1004", 
            "object_repr": "Chocolate Milk", 
            "action_flag": 2, 
            "change_message": "[{\"changed\": {\"fields\": [\"Name\", \"Image\"]}}]"
        }
    },
    {
        "model": "auth.permission", 
        "pk": 1, 
        "fields": {
            "name": "Can add profile", 
            "content_type": 1, 
            "codename": "add_profile"
        }
    },
    {
        "model": "auth.permission", 
        "pk": 2, 
        "fields": {
            "name": "Can change profile", 
            "content_type": 1, 
            "codename": "change_profile"
        }
    },
    {
        "model": "auth.permission", 
        "pk": 3, 
        "fields": {
            "name": "Can delete profile", 
            "content_type": 1, 
            "codename": "delete_profile"
        }
    },
    {
        "model": "auth.permission", 
        "pk": 4, 
        "fields": {
            "name": "Can view profile", 
            "content_type": 1, 
            "codename": "view_profile"
        }
    },
    {
        "model": "auth.permission", 
        "pk": 5, 
        "fields": {
            "name": "Can add log entry", 
            "content_type": 2, 
            "codename": "add_logentry"
        }
    },
    {
        "model": "auth.permission", 
        "pk": 6, 
        "fields": {
            "name": "Can change log entry", 
            "content_type": 2, 
            "codename": "change_logentry"
        }
    },
    {
        "model": "auth.permission", 
        "pk": 7, 
        "fields": {
            "name": "Can delete log entry", 
            "content_type": 2, 
            "codename": "delete_logentry"
        }
    },
    {
        "model": "auth.permission", 
        "pk": 8, 
        "fields": {
            "name": "Can view log entry", 
            "content_type": 2, 
            "codename": "view_logentry"
        }
    },
    {
        "model": "auth.permission", 
        "pk": 9, 
        "fields": {
            "name": "Can add permission", 
            "content_type": 3, 
            "codename": "add_permission"
        }
    },
    {
        "model": "auth.permission", 
        "pk": 10, 
        "fields": {
            "name": "Can change permission", 
            "content_type": 3, 
            "codename": "change_permission"
        }
    },
    {
        "model": "auth.permission", 
        "pk": 11, 
        "fields": {
            "name": "Can delete permission", 
            "content_type": 3, 
            "codename": "delete_permission"
        }
    },
    {
        "model": "auth.permission", 
        "pk": 12, 
        "fields": {
            "name": "Can view permission", 
            "content_type": 3, 
            "codename": "view_permission"
        }
    },
    {
        "model": "auth.permission", 
        "pk": 13, 
        "fields": {
            "name": "Can add group", 
            "content_type": 4, 
            "codename": "add_group"
        }
    },
    {
        "model": "auth.permission", 
        "pk": 14, 
        "fields": {
            "name": "Can change group", 
            "content_type": 4, 
            "codename": "change_group"
        }
    },
    {
        "model": "auth.permission", 
        "pk": 15, 
        "fields": {
            "name": "Can delete group", 
            "content_type": 4, 
            "codename": "delete_group"
        }
    },
    {
        "model": "auth.permission", 
        "pk": 16, 
        "fields": {
            "name": "Can view group", 
            "content_type": 4, 
            "codename": "view_group"
        }
    },
    {
        "model": "auth.permission", 
        "pk": 17, 
        "fields": {
            "name": "Can add user", 
            "content_type": 5, 
            "codename": "add_user"
        }
    },
    {
        "model": "auth.permission", 
        "pk": 18, 
        "fields": {
            "name": "Can change user", 
            "content_type": 5, 
            "codename": "change_user"
        }
    },
    {
        "model": "auth.permission", 
        "pk": 19, 
        "fields": {
            "name": "Can delete user", 
            "content_type": 5, 
            "codename": "delete_user"
        }
    },
    {
        "model": "auth.permission", 
        "pk": 20, 
        "fields": {
            "name": "Can view user", 
            "content_type": 5, 
            "codename": "view_user"
        }
    },
    {
        "model": "auth.permission", 
        "pk": 21, 
        "fields": {
            "name": "Can add content type", 
            "content_type": 6, 
            "codename": "add_contenttype"
        }
    },
    {
        "model": "auth.permission", 
        "pk": 22, 
        "fields": {
            "name": "Can change content type", 
            "content_type": 6, 
            "codename": "change_contenttype"
        }
    },
    {
        "model": "auth.permission", 
        "pk": 23, 
        "fields": {
            "name": "Can delete content type", 
            "content_type": 6, 
            "codename": "delete_contenttype"
        }
    },
    {
        "model": "auth.permission", 
        "pk": 24, 
        "fields": {
            "name": "Can view content type", 
            "content_type": 6, 
            "codename": "view_contenttype"
        }
    },
    {
        "model": "auth.permission", 
        "pk": 25, 
        "fields": {
            "name": "Can add session", 
            "content_type": 7, 
            "codename": "add_session"
        }
    },
    {
        "model": "auth.permission", 
        "pk": 26, 
        "fields": {
            "name": "Can change session", 
            "content_type": 7, 
            "codename": "change_session"
        }
    },
    {
        "model": "auth.permission", 
        "pk": 27, 
        "fields": {
            "name": "Can delete session", 
            "content_type": 7, 
            "codename": "delete_session"
        }
    },
    {
        "model": "auth.permission", 
        "pk": 28, 
        "fields": {
            "name": "Can view session", 
            "content_type": 7, 
            "codename": "view_session"
        }
    },
    {
        "model": "auth.permission", 
        "pk": 29, 
        "fields": {
            "name": "Can add product", 
            "content_type": 8, 
            "codename": "add_product"
        }
    },
    {
        "model": "auth.permission", 
        "pk": 30, 
        "fields": {
            "name": "Can change product", 
            "content_type": 8, 
            "codename": "change_product"
        }
    },
    {
        "model": "auth.permission", 
        "pk": 31, 
        "fields": {
            "name": "Can delete product", 
            "content_type": 8, 
            "codename": "delete_product"
        }
    },
    {
        "model": "auth.permission", 
        "pk": 32, 
        "fields": {
            "name": "Can view product", 
            "content_type": 8, 
            "codename": "view_product"
        }
    },
    {
        "model": "auth.permission", 
        "pk": 33, 
        "fields": {
            "name": "Can add supermarket", 
            "content_type": 9, 
            "codename": "add_supermarket"
        }
    },
    {
        "model": "auth.permission", 
        "pk": 34, 
        "fields": {
            "name": "Can change supermarket", 
            "content_type": 9, 
            "codename": "change_supermarket"
        }
    },
    {
        "model": "auth.permission", 
        "pk": 35, 
        "fields": {
            "name": "Can delete supermarket", 
            "content_type": 9, 
            "codename": "delete_supermarket"
        }
    },
    {
        "model": "auth.permission", 
        "pk": 36, 
        "fields": {
            "name": "Can view supermarket", 
            "content_type": 9, 
            "codename": "view_supermarket"
        }
    },
    {
        "model": "auth.permission", 
        "pk": 37, 
        "fields": {
            "name": "Can add cart", 
            "content_type": 10, 
            "codename": "add_cart"
        }
    },
    {
        "model": "auth.permission", 
        "pk": 38, 
        "fields": {
            "name": "Can change cart", 
            "content_type": 10, 
            "codename": "change_cart"
        }
    },
    {
        "model": "auth.permission", 
        "pk": 39, 
        "fields": {
            "name": "Can delete cart", 
            "content_type": 10, 
            "codename": "delete_cart"
        }
    },
    {
        "model": "auth.permission", 
        "pk": 40, 
        "fields": {
            "name": "Can view cart", 
            "content_type": 10, 
            "codename": "view_cart"
        }
    },
    {
        "model": "auth.permission", 
        "pk": 41, 
        "fields": {
            "name": "Can add cart item", 
            "content_type": 11, 
            "codename": "add_cartitem"
        }
    },
    {
        "model": "auth.permission", 
        "pk": 42, 
        "fields": {
            "name": "Can change cart item", 
            "content_type": 11, 
            "codename": "change_cartitem"
        }
    },
    {
        "model": "auth.permission", 
        "pk": 43, 
        "fields": {
            "name": "Can delete cart item", 
            "content_type": 11, 
            "codename": "delete_cartitem"
        }
    },
    {
        "model": "auth.permission", 
        "pk": 44, 
        "fields": {
            "name": "Can view cart item", 
            "content_type": 11, 
            "codename": "view_cartitem"
        }
    },
    {
        "model": "auth.user", 
        "pk": 1, 
        "fields": {
            "password": "pbkdf2_sha256$870000$twV9Lc2u8HxD966C5ykzvL$R60WRr957hZpDvFvVSyklkhyAtaHA515wjXmnYuDWaY=", 
            "last_login": "2024-12-11T03:37:35.333Z", 
            "is_superuser": false, 
            "username": "omar", 
            "first_name": "", 
            "last_name": "", 
            "email": "test@example.com", 
            "is_staff": false, 
            "is_active": true, 
            "date_joined": "2024-12-07T21:16:11.940Z", 
            "groups": [], 
            "user_permissions": []
        }
    },
    {
        "model": "auth.user", 
        "pk": 2, 
        "fields": {
            "password": "pbkdf2_sha256$870000$kW9hpSGQPYevcFhINmEmxk$3+thpMt9wmqTG56l35sphzh2MkoQflZQdrIlEsoYtCQ=", 
            "last_login": "2024-12-11T16:33:00.854Z", 
            "is_superuser": true, 
            "username": "omar2", 
            "first_name": "", 
            "last_name": "", 
            "email": "omar2@mail.com", 
            "is_staff": true, 
            "is_active": true, 
            "date_joined": "2024-12-07T21:17:29.782Z", 
            "groups": [], 
            "user_permissions": []
        }
    },
    {
        "model": "contenttypes.contenttype", 
        "pk": 1, 
        "fields": {
            "app_label": "cartapp", 
            "model": "profile"
        }
    },
    {
        "model": "contenttypes.contenttype", 
        "pk": 2, 
        "fields": {
            "app_label": "admin", 
            "model": "logentry"
        }
    },
    {
        "model": "contenttypes.contenttype", 
        "pk": 3, 
        "fields": {
            "app_label": "auth", 
            "model": "permission"
        }
    },
    {
        "model": "contenttypes.contenttype", 
        "pk": 4, 
        "fields": {
            "app_label": "auth", 
            "model": "group"
        }
    },
    {
        "model": "contenttypes.contenttype", 
        "pk": 5, 
        "fields": {
            "app_label": "auth", 
            "model": "user"
        }
    },
    {
        "model": "contenttypes.contenttype", 
        "pk": 6, 
        "fields": {
            "app_label": "contenttypes", 
            "model": "contenttype"
        }
    },
    {
        "model": "contenttypes.contenttype", 
        "pk": 7, 
        "fields": {
            "app_label": "sessions", 
            "model": "session"
        }
    },
    {
        "model": "contenttypes.contenttype", 
        "pk": 8, 
        "fields": {
            "app_label": "cartapp", 
            "model": "product"
        }
    },
    {
        "model": "contenttypes.contenttype", 
        "pk": 9, 
        "fields": {
            "app_label": "cartapp", 
            "model": "supermarket"
        }
    },
    {
        "model": "contenttypes.contenttype", 
        "pk": 10, 
        "fields": {
            "app_label": "cartapp", 
            "model": "cart"
        }
    },
    {
        "model": "contenttypes.contenttype", 
        "pk": 11, 
        "fields": {
            "app_label": "cartapp", 
            "model": "cartitem"
        }
    },
    {
        "model": "sessions.session", 
        "pk": "7ghhw6g1rkw8t902uh0cqqltpfvxzpeb", 
        "fields": {
            "session_data": ".eJxVjDsOwjAQBe_iGlnr-Icp6XMGa3dt4wBypDipEHeHSCmgfTPzXiLitta49bzEKYmL0OL0uxHyI7cdpDu22yx5busykdwVedAuxznl5_Vw_w4q9vqti0lMxCE549WAwBbUGZQ1houGQpm9MjBYnZETeeuDC-C0I1W0RmPF-wPqQjeM:1tKSLy:kvNRUjwdQ4WkwmnEfhBIedmhWpUphJpsj-jX11Ap4xM", 
            "expire_date": "2024-12-23T01:14:26.414Z"
        }
    },
    {
        "model": "sessions.session", 
        "pk": "ke0g8a5lhm6l9ome9yipi0ms46yccji5", 
        "fields": {
            "session_data": ".eJxVjEEOwiAQRe_C2hAZmJG6dO8ZGgYGqRpISrsy3l2bdKHb_977LzWGdSnj2mUep6TOCtThd-MQH1I3kO6h3pqOrS7zxHpT9E67vrYkz8vu_h2U0Mu3FsnZkTBRTOwteAopE59gIMFAyILGoWdxBpw3VuzAzhMc0aG1kNT7A_6FN4M:1tLPe0:xP6oe9vPP6YQel38gdmj_af6v5Oak-lrWmTSjJdSR2k", 
            "expire_date": "2024-12-25T16:33:00.856Z"
        }
    },
    {
        "model": "sessions.session", 
        "pk": "nudqcz5hoyltqiob84enair9yu80alkz", 
        "fields": {
            "session_data": ".eJxVjDsOwjAQBe_iGlnr-Icp6XMGa3dt4wBypDipEHeHSCmgfTPzXiLitta49bzEKYmL0OL0uxHyI7cdpDu22yx5busykdwVedAuxznl5_Vw_w4q9vqti0lMxCE549WAwBbUGZQ1houGQpm9MjBYnZETeeuDC-C0I1W0RmPF-wPqQjeM:1tLNxx:rUmqDgr2udspTUcMc37_wjICHyhm_obILpNLTS6Oi-s", 
            "expire_date": "2024-12-25T14:45:29.293Z"
        }
    }
]